{
  "original_bbox": [
    0.312,
    0.109,
    0.6060000000000001,
    0.8130000000000001
  ],
  "transformed_bbox": [
    0.34815375000000004,
    0.2861467796899378,
    0.53328,
    0.6295871965885163
  ]
}