{
  "original_bbox": [
    0.075,
    0.189,
    0.47600000000000003,
    0.7030000000000001
  ],
  "transformed_bbox": [
    0.10767973856209151,
    0.31538588515683713,
    0.47600000000000003,
    0.6186399966478349
  ]
}