{
  "original_bbox": [
    0.246,
    0.145,
    0.46499999999999997,
    0.716
  ],
  "transformed_bbox": [
    0.21833249999999998,
    0.24637052532285444,
    0.5207999999999999,
    0.7056895961761477
  ]
}